-- MySQL dump 10.13  Distrib 5.5.19, for Linux (x86_64)
--
-- Host: 50.63.244.199    Database: buyouseafood
-- ------------------------------------------------------
-- Server version	5.0.96-log

/*!40101 SET @OLD_CHARACTER_SET_CLIENT=@@CHARACTER_SET_CLIENT */;
/*!40101 SET @OLD_CHARACTER_SET_RESULTS=@@CHARACTER_SET_RESULTS */;
/*!40101 SET @OLD_COLLATION_CONNECTION=@@COLLATION_CONNECTION */;
/*!40101 SET NAMES utf8 */;
/*!40103 SET @OLD_TIME_ZONE=@@TIME_ZONE */;
/*!40103 SET TIME_ZONE='+00:00' */;
/*!40014 SET @OLD_UNIQUE_CHECKS=@@UNIQUE_CHECKS, UNIQUE_CHECKS=0 */;
/*!40014 SET @OLD_FOREIGN_KEY_CHECKS=@@FOREIGN_KEY_CHECKS, FOREIGN_KEY_CHECKS=0 */;
/*!40101 SET @OLD_SQL_MODE=@@SQL_MODE, SQL_MODE='NO_AUTO_VALUE_ON_ZERO' */;
/*!40111 SET @OLD_SQL_NOTES=@@SQL_NOTES, SQL_NOTES=0 */;

--
-- Table structure for table `avg_prices`
--

DROP TABLE IF EXISTS `avg_prices`;
/*!40101 SET @saved_cs_client     = @@character_set_client */;
/*!40101 SET character_set_client = utf8 */;
CREATE TABLE `avg_prices` (
  `avg_price_id` int(11) NOT NULL auto_increment,
  `year` int(11) NOT NULL,
  `week` int(11) NOT NULL,
  `product_id` int(11) NOT NULL,
  `avg_price` float default NULL,
  PRIMARY KEY  (`avg_price_id`),
  KEY `avg_product_id_idx` (`product_id`),
  CONSTRAINT `avg_product_id` FOREIGN KEY (`product_id`) REFERENCES `products` (`product_id`) ON DELETE NO ACTION ON UPDATE NO ACTION
) ENGINE=InnoDB AUTO_INCREMENT=526 DEFAULT CHARSET=utf8;
/*!40101 SET character_set_client = @saved_cs_client */;

--
-- Dumping data for table `avg_prices`
--

LOCK TABLES `avg_prices` WRITE;
/*!40000 ALTER TABLE `avg_prices` DISABLE KEYS */;
INSERT INTO `avg_prices` VALUES (4,2013,1,4,19),(5,2013,1,5,11),(6,2013,1,6,1),(7,2013,1,7,13),(8,2013,1,8,25),(9,2013,1,9,19),(10,2013,1,10,11),(12,2013,2,2,14),(13,2013,2,3,22),(14,2013,2,4,20),(15,2013,2,5,12),(16,2013,2,6,2),(17,2013,2,7,14),(18,2013,2,8,22),(19,2013,2,9,20),(20,2013,2,10,12),(22,2013,3,2,15),(23,2013,3,3,23),(24,2013,3,4,21),(25,2013,3,5,7),(26,2013,3,6,3),(27,2013,3,7,15),(28,2013,3,8,23),(29,2013,3,9,21),(30,2013,3,10,7),(32,2013,4,2,12),(33,2013,4,3,24),(34,2013,4,4,22),(35,2013,4,5,8),(36,2013,4,6,4),(37,2013,4,7,12),(38,2013,4,8,24),(39,2013,4,9,22),(40,2013,4,10,8),(41,2013,5,1,5),(42,2013,5,2,13),(43,2013,5,3,25),(44,2013,5,4,17),(45,2013,5,5,9),(46,2013,5,6,5),(47,2013,5,7,13),(48,2013,5,8,25),(49,2013,5,9,17),(50,2013,5,10,9),(51,2013,6,1,2),(52,2013,6,2,14),(53,2013,6,3,26),(54,2013,6,4,18),(55,2013,6,5,10),(56,2013,6,6,2),(57,2013,6,7,14),(58,2013,6,8,26),(59,2013,6,9,18),(60,2013,6,10,10),(61,2013,7,1,3),(62,2013,7,2,15),(63,2013,7,3,23),(64,2013,7,4,19),(65,2013,7,5,11),(66,2013,7,6,3),(67,2013,7,7,15),(68,2013,7,8,23),(69,2013,7,9,19),(70,2013,7,10,11),(71,2013,8,1,4),(72,2013,8,2,16),(73,2013,8,3,24),(74,2013,8,4,20),(75,2013,8,5,6),(76,2013,8,6,4),(77,2013,8,7,16),(78,2013,8,8,24),(79,2013,8,9,20),(80,2013,8,10,6),(81,2013,9,1,5),(82,2013,9,2,13),(83,2013,9,3,25),(84,2013,9,4,21),(85,2013,9,5,7),(86,2013,9,6,5),(87,2013,9,7,13),(88,2013,9,8,25),(89,2013,9,9,21),(90,2013,9,10,7),(91,2013,10,1,6),(92,2013,10,2,14),(93,2013,10,3,26),(94,2013,10,4,16),(95,2013,10,5,8),(96,2013,10,6,6),(97,2013,10,7,14),(98,2013,10,8,26),(99,2013,10,9,16),(100,2013,10,10,8),(102,2013,11,2,15),(103,2013,11,3,27),(104,2013,11,4,17),(105,2013,11,5,9),(106,2013,11,6,3),(107,2013,11,7,15),(108,2013,11,8,27),(109,2013,11,9,17),(110,2013,11,10,9),(111,2013,12,1,4),(112,2013,12,2,16),(113,2013,12,3,24),(114,2013,12,4,18),(115,2013,12,5,10),(116,2013,12,6,4),(117,2013,12,7,16),(118,2013,12,8,24),(119,2013,12,9,18),(120,2013,12,10,10),(121,2013,13,1,5),(122,2013,13,2,17),(123,2013,13,3,25),(124,2013,13,4,19),(125,2013,13,5,5),(126,2013,13,6,5),(127,2013,13,7,17),(128,2013,13,8,25),(129,2013,13,9,19),(130,2013,13,10,5),(131,2013,14,1,6),(132,2013,14,2,14),(133,2013,14,3,26),(134,2013,14,4,20),(135,2013,14,5,6),(136,2013,14,6,6),(137,2013,14,7,14),(138,2013,14,8,26),(139,2013,14,9,20),(140,2013,14,10,6),(141,2013,15,1,7),(142,2013,15,2,15),(143,2013,15,3,27),(144,2013,15,4,15),(145,2013,15,5,7),(146,2013,15,6,7),(147,2013,15,7,15),(148,2013,15,8,27),(149,2013,15,9,15),(150,2013,15,10,7),(151,2013,16,1,4),(152,2013,16,2,16),(153,2013,16,3,28),(154,2013,16,4,16),(155,2013,16,5,8),(156,2013,16,6,4),(157,2013,16,7,16),(158,2013,16,8,28),(159,2013,16,9,16),(160,2013,16,10,8),(161,2013,17,1,5),(162,2013,17,2,17),(163,2013,17,3,25),(164,2013,17,4,17),(165,2013,17,5,9),(166,2013,17,6,5),(167,2013,17,7,17),(168,2013,17,8,25),(169,2013,17,9,17),(170,2013,17,10,9),(171,2013,18,1,6),(172,2013,18,2,18),(173,2013,18,3,26),(174,2013,18,4,18),(175,2013,18,5,4),(176,2013,18,6,6),(177,2013,18,7,18),(178,2013,18,8,26),(179,2013,18,9,18),(180,2013,18,10,4),(181,2013,19,1,7),(182,2013,19,2,15),(183,2013,19,3,27),(184,2013,19,4,19),(185,2013,19,5,5),(186,2013,19,6,7),(187,2013,19,7,15),(188,2013,19,8,27),(189,2013,19,9,19),(190,2013,19,10,5),(191,2013,20,1,8),(192,2013,20,2,16),(193,2013,20,3,28),(194,2013,20,4,14),(195,2013,20,5,6),(196,2013,20,6,8),(197,2013,20,7,16),(198,2013,20,8,28),(199,2013,20,9,14),(200,2013,20,10,6),(201,2013,21,1,5),(202,2013,21,2,17),(203,2013,21,3,29),(204,2013,21,4,15),(205,2013,21,5,7),(206,2013,21,6,5),(207,2013,21,7,17),(208,2013,21,8,29),(209,2013,21,9,15),(210,2013,21,10,7),(211,2013,22,1,6),(212,2013,22,2,18),(213,2013,22,3,24),(214,2013,22,4,16),(215,2013,22,5,8),(216,2013,22,6,6),(217,2013,22,7,18),(218,2013,22,8,24),(219,2013,22,9,16),(220,2013,22,10,8),(221,2013,23,1,7),(222,2013,23,2,19),(223,2013,23,3,25),(224,2013,23,4,17),(225,2013,23,5,3),(226,2013,23,6,7),(227,2013,23,7,19),(228,2013,23,8,25),(229,2013,23,9,17),(230,2013,23,10,3),(231,2013,24,1,8),(232,2013,24,2,16),(233,2013,24,3,26),(234,2013,24,4,18),(235,2013,24,5,4),(236,2013,24,6,8),(237,2013,24,7,16),(238,2013,24,8,26),(239,2013,24,9,18),(240,2013,24,10,4),(241,2013,25,1,9),(242,2013,25,2,17),(243,2013,25,3,27),(244,2013,25,4,13),(245,2013,25,5,5),(246,2013,25,6,9),(247,2013,25,7,17),(248,2013,25,8,27),(249,2013,25,9,13),(250,2013,25,10,5),(251,2013,26,1,6),(252,2013,26,2,18),(253,2013,26,3,28),(254,2013,26,4,14),(255,2013,26,5,6),(256,2013,26,6,6),(257,2013,26,7,18),(258,2013,26,8,28),(259,2013,26,9,14),(260,2013,26,10,6),(261,2013,27,1,7),(262,2013,27,2,19),(263,2013,27,3,23),(264,2013,27,4,15),(265,2013,27,5,7),(266,2013,27,6,7),(267,2013,27,7,19),(268,2013,27,8,23),(269,2013,27,9,15),(270,2013,27,10,7),(271,2013,28,1,8),(272,2013,28,2,20),(273,2013,28,3,24),(274,2013,28,4,16),(275,2013,28,5,2),(276,2013,28,6,8),(277,2013,28,7,20),(278,2013,28,8,24),(279,2013,28,9,16),(280,2013,28,10,2),(281,2013,29,1,9),(282,2013,29,2,17),(283,2013,29,3,25),(284,2013,29,4,17),(285,2013,29,5,3),(286,2013,29,6,9),(287,2013,29,7,17),(288,2013,29,8,25),(289,2013,29,9,17),(290,2013,29,10,3),(291,2013,30,1,10),(292,2013,30,2,18),(293,2013,30,3,26),(294,2013,30,4,12),(295,2013,30,5,4),(296,2013,30,6,10),(297,2013,30,7,18),(298,2013,30,8,26),(299,2013,30,9,12),(300,2013,30,10,4),(301,2013,31,1,7),(302,2013,31,2,19),(303,2013,31,3,27),(304,2013,31,4,13),(305,2013,31,5,5),(306,2013,31,6,7),(307,2013,31,7,19),(308,2013,31,8,27),(309,2013,31,9,13),(310,2013,31,10,5),(311,2013,32,1,8),(312,2013,32,2,20),(313,2013,32,3,22),(314,2013,32,4,14),(315,2013,32,5,6),(316,2013,32,6,8),(317,2013,32,7,20),(318,2013,32,8,22),(319,2013,32,9,14),(320,2013,32,10,6),(321,2013,33,1,9),(322,2013,33,2,21),(323,2013,33,3,23),(324,2013,33,4,15),(325,2013,33,5,1),(326,2013,33,6,9),(327,2013,33,7,21),(328,2013,33,8,23),(329,2013,33,9,15),(330,2013,33,10,1),(331,2013,34,1,10),(332,2013,34,2,18),(333,2013,34,3,24),(334,2013,34,4,16),(335,2013,34,5,2),(336,2013,34,6,10),(337,2013,34,7,18),(338,2013,34,8,24),(339,2013,34,9,16),(340,2013,34,10,2),(341,2013,35,1,11),(342,2013,35,2,19),(343,2013,35,3,25),(344,2013,35,4,11),(345,2013,35,5,3),(346,2013,35,6,11),(347,2013,35,7,19),(348,2013,35,8,25),(349,2013,35,9,11),(350,2013,35,10,3),(351,2013,36,1,8),(352,2013,36,2,20),(353,2013,36,3,26),(354,2013,36,4,12),(355,2013,36,5,4),(356,2013,36,6,8),(357,2013,36,7,20),(358,2013,36,8,26),(359,2013,36,9,12),(360,2013,36,10,4),(361,2013,37,1,9),(362,2013,37,2,21),(363,2013,37,3,21),(364,2013,37,4,13),(365,2013,37,5,5),(366,2013,37,6,9),(367,2013,37,7,21),(368,2013,37,8,21),(369,2013,37,9,13),(370,2013,37,10,5),(371,2013,38,1,10),(372,2013,38,2,22),(373,2013,38,3,22),(374,2013,38,4,14),(375,2013,38,5,2),(376,2013,38,6,10),(377,2013,38,7,22),(378,2013,38,8,22),(379,2013,38,9,14),(380,2013,38,10,2),(381,2013,39,1,11),(382,2013,39,2,19),(383,2013,39,3,23),(384,2013,39,4,15),(385,2013,39,5,3),(386,2013,39,6,11),(387,2013,39,7,19),(388,2013,39,8,23),(389,2013,39,9,15),(390,2013,39,10,3),(391,2013,40,1,12),(392,2013,40,2,20),(393,2013,40,3,24),(394,2013,40,4,10),(395,2013,40,5,4),(396,2013,40,6,12),(397,2013,40,7,20),(398,2013,40,8,24),(399,2013,40,9,10),(400,2013,40,10,4),(401,2013,41,1,9),(402,2013,41,2,21),(403,2013,41,3,25),(404,2013,41,4,11),(405,2013,41,5,5),(406,2013,41,6,9),(407,2013,41,7,21),(408,2013,41,8,25),(409,2013,41,9,11),(410,2013,41,10,5),(411,2013,42,1,10),(412,2013,42,2,22),(413,2013,42,3,20),(414,2013,42,4,12),(415,2013,42,5,6),(416,2013,42,6,10),(417,2013,42,7,22),(418,2013,42,8,20),(419,2013,42,9,12),(420,2013,42,10,6),(421,2013,43,1,11),(422,2013,43,2,23),(423,2013,43,3,21),(424,2013,43,4,13),(425,2013,43,5,3),(426,2013,43,6,11),(427,2013,43,7,23),(428,2013,43,8,21),(429,2013,43,9,13),(430,2013,43,10,3),(431,2013,44,1,12),(432,2013,44,2,20),(433,2013,44,3,22),(434,2013,44,4,14),(435,2013,44,5,4),(436,2013,44,6,12),(437,2013,44,7,20),(438,2013,44,8,22),(439,2013,44,9,14),(440,2013,44,10,4),(441,2013,45,1,13),(442,2013,45,2,21),(443,2013,45,3,23),(444,2013,45,4,9),(445,2013,45,5,5),(446,2013,45,6,13),(447,2013,45,7,21),(448,2013,45,8,23),(449,2013,45,9,9),(450,2013,45,10,5),(451,2013,46,1,10),(452,2013,46,2,22),(453,2013,46,3,24),(454,2013,46,4,10),(455,2013,46,5,6),(456,2013,46,6,10),(457,2013,46,7,22),(458,2013,46,8,24),(459,2013,46,9,10),(460,2013,46,10,6),(461,2013,47,1,11),(462,2013,47,2,23),(463,2013,47,3,19),(464,2013,47,4,11),(465,2013,47,5,7),(466,2013,47,6,11),(467,2013,47,7,23),(468,2013,47,8,19),(469,2013,47,9,11),(470,2013,47,10,7),(471,2013,48,1,12),(472,2013,48,2,24),(473,2013,48,3,20),(474,2013,48,4,12),(475,2013,48,5,4),(476,2013,48,6,12),(477,2013,48,7,24),(478,2013,48,8,20),(479,2013,48,9,12),(480,2013,48,10,4),(481,2013,49,1,13),(482,2013,49,2,21),(483,2013,49,3,21),(484,2013,49,4,13),(485,2013,49,5,5),(486,2013,49,6,13),(487,2013,49,7,21),(488,2013,49,8,21),(489,2013,49,9,13),(490,2013,49,10,5),(491,2013,50,1,14),(492,2013,50,2,22),(493,2013,50,3,22),(494,2013,50,4,8),(495,2013,50,5,6),(496,2013,50,6,14),(497,2013,50,7,22),(498,2013,50,8,22),(499,2013,50,9,8),(500,2013,50,10,6),(501,2013,51,1,11),(502,2013,51,2,23),(503,2013,51,3,23),(504,2013,51,4,9),(505,2013,51,5,7),(506,2013,51,6,11),(507,2013,51,7,23),(508,2013,51,8,23),(509,2013,51,9,9),(510,2013,51,10,7),(511,2013,52,1,12),(512,2013,52,2,24),(513,2013,52,3,18),(514,2013,52,4,10),(515,2013,52,5,8),(516,2013,52,6,12),(517,2013,52,7,24),(518,2013,52,8,18),(519,2013,52,9,10),(520,2013,52,10,8),(521,2013,11,1,6),(522,2013,1,1,1),(523,2013,2,1,2),(524,2013,3,1,3),(525,2013,4,1,4);
/*!40000 ALTER TABLE `avg_prices` ENABLE KEYS */;
UNLOCK TABLES;

--
-- Table structure for table `prices`
--

DROP TABLE IF EXISTS `prices`;
/*!40101 SET @saved_cs_client     = @@character_set_client */;
/*!40101 SET character_set_client = utf8 */;
CREATE TABLE `prices` (
  `price_id` int(11) NOT NULL auto_increment,
  `vendor_id` int(11) NOT NULL,
  `product_id` int(11) NOT NULL,
  `price` float NOT NULL,
  `feeds` int(11) NOT NULL default '1',
  PRIMARY KEY  (`price_id`),
  KEY `vendor_id_idx` (`vendor_id`),
  KEY `product_id_idx` (`product_id`),
  CONSTRAINT `product_id` FOREIGN KEY (`product_id`) REFERENCES `products` (`product_id`) ON DELETE CASCADE ON UPDATE CASCADE,
  CONSTRAINT `vendor_id` FOREIGN KEY (`vendor_id`) REFERENCES `vendors` (`vendor_id`) ON DELETE CASCADE ON UPDATE CASCADE
) ENGINE=InnoDB AUTO_INCREMENT=616 DEFAULT CHARSET=utf8;
/*!40101 SET character_set_client = @saved_cs_client */;

--
-- Dumping data for table `prices`
--

LOCK TABLES `prices` WRITE;
/*!40000 ALTER TABLE `prices` DISABLE KEYS */;
INSERT INTO `prices` VALUES (1,1,1,1.01,0),(2,2,1,2.01,0),(3,3,1,3.01,0),(4,4,1,4.01,0),(5,5,1,5.01,0),(6,7,1,7.01,0),(7,8,1,8.01,0),(8,9,1,9.01,0),(9,10,1,10.01,0),(10,11,1,11.01,0),(12,13,1,13.01,0),(14,15,1,15.01,0),(15,16,1,16.01,0),(16,17,1,17.01,0),(17,18,1,18.01,0),(18,19,1,19.01,0),(19,20,1,20.01,0),(20,21,1,21.01,0),(22,23,1,23.01,0),(23,24,1,24.01,0),(25,26,1,26.01,0),(26,27,1,27.01,0),(27,28,1,28.01,0),(28,29,1,29.01,0),(29,30,1,30.01,0),(30,31,1,31.01,0),(31,32,1,32.01,0),(33,34,1,34.01,0),(34,35,1,35.01,0),(35,36,1,36.01,0),(36,37,1,37.01,0),(38,39,1,39.01,0),(39,40,1,40.01,0),(41,42,1,42.01,0),(42,1,2,1.02,0),(43,2,2,2.02,0),(44,3,2,3.02,0),(45,4,2,4.02,0),(46,5,2,5.02,0),(47,7,2,7.02,0),(48,8,2,8.02,0),(49,9,2,9.02,0),(50,10,2,10.02,0),(51,11,2,11.02,0),(53,13,2,13.02,0),(55,15,2,15.02,0),(56,16,2,16.02,0),(57,17,2,17.02,0),(58,18,2,18.02,0),(59,19,2,19.02,0),(60,20,2,20.02,0),(61,21,2,21.02,0),(63,23,2,23.02,0),(64,24,2,24.02,0),(66,26,2,26.02,0),(67,27,2,27.02,0),(68,28,2,28.02,0),(69,29,2,29.02,0),(70,30,2,30.02,0),(71,31,2,31.02,0),(72,32,2,32.02,0),(74,34,2,34.02,0),(75,35,2,35.02,0),(76,36,2,36.02,0),(77,37,2,37.02,0),(79,39,2,39.02,0),(80,40,2,40.02,0),(82,42,2,42.02,0),(83,1,3,1.03,0),(84,2,3,2.03,0),(85,3,3,3.03,0),(86,4,3,4.03,0),(87,5,3,5.03,0),(88,7,3,7.03,0),(89,8,3,8.03,0),(90,9,3,9.03,0),(91,10,3,10.03,0),(92,11,3,11.03,0),(94,13,3,13.03,0),(96,15,3,15.03,0),(97,16,3,16.03,0),(98,17,3,17.03,0),(99,18,3,18.03,0),(100,19,3,19.03,0),(101,20,3,20.03,0),(102,21,3,21.03,0),(104,23,3,23.03,0),(105,24,3,24.03,0),(107,26,3,26.03,0),(108,27,3,27.03,0),(109,28,3,28.03,0),(110,29,3,29.03,0),(111,30,3,30.03,0),(112,31,3,31.03,0),(113,32,3,32.03,0),(115,34,3,34.03,0),(116,35,3,35.03,0),(117,36,3,36.03,0),(118,37,3,37.03,0),(120,39,3,39.03,0),(121,40,3,40.03,0),(123,42,3,42.03,0),(124,1,4,1.04,0),(125,2,4,2.04,0),(126,3,4,3.04,0),(127,4,4,4.04,0),(128,5,4,5.04,0),(129,7,4,7.04,0),(130,8,4,8.04,0),(131,9,4,9.04,0),(132,10,4,10.04,0),(133,11,4,11.04,0),(135,13,4,13.04,0),(137,15,4,15.04,0),(138,16,4,16.04,0),(139,17,4,17.04,0),(140,18,4,18.04,0),(141,19,4,19.04,0),(142,20,4,20.04,0),(143,21,4,21.04,0),(145,23,4,23.04,0),(146,24,4,24.04,0),(148,26,4,26.04,0),(149,27,4,27.04,0),(150,28,4,28.04,0),(151,29,4,29.04,0),(152,30,4,30.04,0),(153,31,4,31.04,0),(154,32,4,32.04,0),(156,34,4,34.04,0),(157,35,4,35.04,0),(158,36,4,36.04,0),(159,37,4,37.04,0),(161,39,4,39.04,0),(162,40,4,40.04,0),(164,42,4,42.04,0),(165,1,5,1.05,0),(166,2,5,2.05,0),(167,3,5,3.05,0),(168,4,5,4.05,0),(169,5,5,5.05,0),(170,7,5,7.05,0),(171,8,5,8.05,0),(172,9,5,9.05,0),(173,10,5,10.05,0),(174,11,5,11.05,0),(176,13,5,13.05,0),(178,15,5,15.05,0),(179,16,5,16.05,0),(180,17,5,17.05,0),(181,18,5,18.05,0),(182,19,5,19.05,0),(183,20,5,20.05,0),(184,21,5,21.05,0),(186,23,5,23.05,0),(187,24,5,24.05,0),(189,26,5,26.05,0),(190,27,5,27.05,0),(191,28,5,28.05,0),(192,29,5,29.05,0),(193,30,5,30.05,0),(194,31,5,31.05,0),(195,32,5,32.05,0),(197,34,5,34.05,0),(198,35,5,35.05,0),(199,36,5,36.05,0),(200,37,5,37.05,0),(202,39,5,39.05,0),(203,40,5,40.05,0),(205,42,5,42.05,0),(206,1,6,1.06,0),(207,2,6,2.06,0),(208,3,6,3.06,0),(209,4,6,4.06,0),(210,5,6,5.06,0),(211,7,6,7.06,0),(212,8,6,8.06,0),(213,9,6,9.06,0),(214,10,6,10.06,0),(215,11,6,11.06,0),(217,13,6,13.06,0),(219,15,6,15.06,0),(220,16,6,16.06,0),(221,17,6,17.06,0),(222,18,6,18.06,0),(223,19,6,19.06,0),(224,20,6,20.06,0),(225,21,6,21.06,0),(227,23,6,23.06,0),(228,24,6,24.06,0),(230,26,6,26.06,0),(231,27,6,27.06,0),(232,28,6,28.06,0),(233,29,6,29.06,0),(234,30,6,30.06,0),(235,31,6,31.06,0),(236,32,6,32.06,0),(238,34,6,34.06,0),(239,35,6,35.06,0),(240,36,6,36.06,0),(241,37,6,37.06,0),(243,39,6,39.06,0),(244,40,6,40.06,0),(246,42,6,42.06,0),(247,1,7,1.07,0),(248,2,7,2.07,0),(249,3,7,3.07,0),(250,4,7,4.07,0),(251,5,7,5.07,0),(252,7,7,7.07,0),(253,8,7,8.07,0),(254,9,7,9.07,0),(255,10,7,10.07,0),(256,11,7,11.07,0),(258,13,7,13.07,0),(260,15,7,15.07,0),(261,16,7,16.07,0),(262,17,7,17.07,0),(263,18,7,18.07,0),(264,19,7,19.07,0),(265,20,7,20.07,0),(266,21,7,21.07,0),(268,23,7,23.07,0),(269,24,7,24.07,0),(271,26,7,26.07,0),(272,27,7,27.07,0),(273,28,7,28.07,0),(274,29,7,29.07,0),(275,30,7,30.07,0),(276,31,7,31.07,0),(277,32,7,32.07,0),(279,34,7,34.07,0),(280,35,7,35.07,0),(281,36,7,36.07,0),(282,37,7,37.07,0),(284,39,7,39.07,0),(285,40,7,40.07,0),(287,42,7,42.07,0),(288,1,8,1.08,0),(289,2,8,2.08,0),(290,3,8,3.08,0),(291,4,8,4.08,0),(292,5,8,5.08,0),(293,7,8,7.08,0),(294,8,8,8.08,0),(295,9,8,9.08,0),(296,10,8,10.08,0),(297,11,8,11.08,0),(299,13,8,13.08,0),(301,15,8,15.08,0),(302,16,8,16.08,0),(303,17,8,17.08,0),(304,18,8,18.08,0),(305,19,8,19.08,0),(306,20,8,20.08,0),(307,21,8,21.08,0),(309,23,8,23.08,0),(310,24,8,24.08,0),(312,26,8,26.08,0),(313,27,8,27.08,0),(314,28,8,28.08,0),(315,29,8,29.08,0),(316,30,8,30.08,0),(317,31,8,31.08,0),(318,32,8,32.08,0),(320,34,8,34.08,0),(321,35,8,35.08,0),(322,36,8,36.08,0),(323,37,8,37.08,0),(325,39,8,39.08,0),(326,40,8,40.08,0),(328,42,8,42.08,0),(329,1,9,1.09,0),(330,2,9,2.09,0),(331,3,9,3.09,0),(332,4,9,4.09,0),(333,5,9,5.09,0),(334,7,9,7.09,0),(335,8,9,8.09,0),(336,9,9,9.09,0),(337,10,9,10.09,0),(338,11,9,11.09,0),(340,13,9,13.09,0),(342,15,9,15.09,0),(343,16,9,16.09,0),(344,17,9,17.09,0),(345,18,9,18.09,0),(346,19,9,19.09,0),(347,20,9,20.09,0),(348,21,9,21.09,0),(350,23,9,23.09,0),(351,24,9,24.09,0),(353,26,9,26.09,0),(354,27,9,27.09,0),(355,28,9,28.09,0),(356,29,9,29.09,0),(357,30,9,30.09,0),(358,31,9,31.09,0),(359,32,9,32.09,0),(361,34,9,34.09,0),(362,35,9,35.09,0),(363,36,9,36.09,0),(364,37,9,37.09,0),(366,39,9,39.09,0),(367,40,9,40.09,0),(369,42,9,42.09,0),(370,1,10,1.1,0),(371,2,10,2.1,0),(372,3,10,3.1,0),(373,4,10,4.1,0),(374,5,10,5.1,0),(375,7,10,7.1,0),(376,8,10,8.1,0),(377,9,10,9.1,0),(378,10,10,10.1,0),(379,11,10,11.1,0),(381,13,10,13.1,0),(383,15,10,15.1,0),(384,16,10,16.1,0),(385,17,10,17.1,0),(386,18,10,18.1,0),(387,19,10,19.1,0),(388,20,10,20.1,0),(389,21,10,21.1,0),(391,23,10,23.1,0),(392,24,10,24.1,0),(394,26,10,26.1,0),(395,27,10,27.1,0),(396,28,10,28.1,0),(397,29,10,29.1,0),(398,30,10,30.1,0),(399,31,10,31.1,0),(400,32,10,32.1,0),(402,34,10,34.1,0),(403,35,10,35.1,0),(404,36,10,36.1,0),(405,37,10,37.1,0),(407,39,10,39.1,0),(408,40,10,40.1,0),(410,42,10,42.1,0),(411,1,11,1.11,15),(412,2,11,2.11,15),(413,3,11,3.11,15),(414,4,11,4.11,15),(415,5,11,5.11,15),(416,7,11,7.11,15),(417,8,11,8.11,15),(418,9,11,9.11,15),(419,10,11,10.11,15),(420,11,11,11.11,15),(422,13,11,13.11,15),(424,15,11,15.11,15),(425,16,11,16.11,15),(426,17,11,17.11,15),(427,18,11,18.11,15),(428,19,11,19.11,15),(429,20,11,20.11,15),(430,21,11,21.11,15),(432,23,11,23.11,15),(433,24,11,24.11,15),(435,26,11,26.11,15),(436,27,11,27.11,15),(437,28,11,28.11,15),(438,29,11,29.11,15),(439,30,11,30.11,15),(440,31,11,31.11,15),(441,32,11,32.11,15),(443,34,11,34.11,15),(444,35,11,35.11,15),(445,36,11,36.11,15),(446,37,11,37.11,15),(448,39,11,39.11,15),(449,40,11,40.11,15),(451,42,11,42.11,15),(452,1,12,1.12,16),(453,2,12,2.12,16),(454,3,12,3.12,16),(455,4,12,4.12,16),(456,5,12,5.12,16),(457,7,12,7.12,16),(458,8,12,8.12,16),(459,9,12,9.12,16),(460,10,12,10.12,16),(461,11,12,11.12,16),(463,13,12,13.12,16),(465,15,12,15.12,16),(466,16,12,16.12,16),(467,17,12,17.12,16),(468,18,12,18.12,16),(469,19,12,19.12,16),(470,20,12,20.12,16),(471,21,12,21.12,16),(473,23,12,23.12,16),(474,24,12,24.12,16),(476,26,12,26.12,16),(477,27,12,27.12,16),(478,28,12,28.12,16),(479,29,12,29.12,16),(480,30,12,30.12,16),(481,31,12,31.12,16),(482,32,12,32.12,16),(484,34,12,34.12,16),(485,35,12,35.12,16),(486,36,12,36.12,16),(487,37,12,37.12,16),(489,39,12,39.12,16),(490,40,12,40.12,16),(492,42,12,42.12,16),(493,1,13,1.13,17),(494,2,13,2.13,17),(495,3,13,3.13,17),(496,4,13,4.13,17),(497,5,13,5.13,17),(498,7,13,7.13,17),(499,8,13,8.13,17),(500,9,13,9.13,17),(501,10,13,10.13,17),(502,11,13,11.13,17),(504,13,13,13.13,17),(506,15,13,15.13,17),(507,16,13,16.13,17),(508,17,13,17.13,17),(509,18,13,18.13,17),(510,19,13,19.13,17),(511,20,13,20.13,17),(512,21,13,21.13,17),(514,23,13,23.13,17),(515,24,13,24.13,17),(517,26,13,26.13,17),(518,27,13,27.13,17),(519,28,13,28.13,17),(520,29,13,29.13,17),(521,30,13,30.13,17),(522,31,13,31.13,17),(523,32,13,32.13,17),(525,34,13,34.13,17),(526,35,13,35.13,17),(527,36,13,36.13,17),(528,37,13,37.13,17),(530,39,13,39.13,17),(531,40,13,40.13,17),(533,42,13,42.13,17),(534,1,14,1.14,18),(535,2,14,2.14,18),(536,3,14,3.14,18),(537,4,14,4.14,18),(538,5,14,5.14,18),(539,7,14,7.14,18),(540,8,14,8.14,18),(541,9,14,9.14,18),(542,10,14,10.14,18),(543,11,14,11.14,18),(545,13,14,13.14,18),(547,15,14,15.14,18),(548,16,14,16.14,18),(549,17,14,17.14,18),(550,18,14,18.14,18),(551,19,14,19.14,18),(552,20,14,20.14,18),(553,21,14,21.14,18),(555,23,14,23.14,18),(556,24,14,24.14,18),(558,26,14,26.14,18),(559,27,14,27.14,18),(560,28,14,28.14,18),(561,29,14,29.14,18),(562,30,14,30.14,18),(563,31,14,31.14,18),(564,32,14,32.14,18),(566,34,14,34.14,18),(567,35,14,35.14,18),(568,36,14,36.14,18),(569,37,14,37.14,18),(571,39,14,39.14,18),(572,40,14,40.14,18),(574,42,14,42.14,18),(575,1,15,1.15,19),(576,2,15,2.15,19),(577,3,15,3.15,19),(578,4,15,4.15,19),(579,5,15,5.15,19),(580,7,15,7.15,19),(581,8,15,8.15,19),(582,9,15,9.15,19),(583,10,15,10.15,19),(584,11,15,11.15,19),(586,13,15,13.15,19),(588,15,15,15.15,19),(589,16,15,16.15,19),(590,17,15,17.15,19),(591,18,15,18.15,19),(592,19,15,19.15,19),(593,20,15,20.15,19),(594,21,15,21.15,19),(596,23,15,23.15,19),(597,24,15,24.15,19),(599,26,15,26.15,19),(600,27,15,27.15,19),(601,28,15,28.15,19),(602,29,15,29.15,19),(603,30,15,30.15,19),(604,31,15,31.15,19),(605,32,15,32.15,19),(607,34,15,34.15,19),(608,35,15,35.15,19),(609,36,15,36.15,19),(610,37,15,37.15,19),(612,39,15,39.15,19),(613,40,15,40.15,19),(615,42,15,42.15,19);
/*!40000 ALTER TABLE `prices` ENABLE KEYS */;
UNLOCK TABLES;

--
-- Table structure for table `products`
--

DROP TABLE IF EXISTS `products`;
/*!40101 SET @saved_cs_client     = @@character_set_client */;
/*!40101 SET character_set_client = utf8 */;
CREATE TABLE `products` (
  `product_id` int(3) NOT NULL auto_increment,
  `product_name` varchar(30) NOT NULL,
  `category` varchar(45) NOT NULL,
  PRIMARY KEY  (`product_id`),
  UNIQUE KEY `product_name` (`product_name`)
) ENGINE=InnoDB AUTO_INCREMENT=16 DEFAULT CHARSET=utf8;
/*!40101 SET character_set_client = @saved_cs_client */;

--
-- Dumping data for table `products`
--

LOCK TABLES `products` WRITE;
/*!40000 ALTER TABLE `products` DISABLE KEYS */;
INSERT INTO `products` VALUES (1,'Crawfish','seafood'),(2,'Crawfish (Boiled)','seafood'),(3,'Shrimp (Jumbo; Med-Lg)','seafood'),(4,'Shrimp (Large; 21-25 ct.)','seafood'),(5,'Shrimp (Medium; 36-40 ct.)','seafood'),(6,'Shrimp (Boiled)','seafood'),(7,'Crabs (Boiled; Lg)','seafood'),(8,'Crabs (Boiled; Med)','seafood'),(9,'Crabs (Boiled; Sm)','seafood'),(10,'Oysters (Sack)','seafood'),(11,'Sandwich Tray','catering'),(12,'Seafood Tray','catering'),(13,'Boudin Balls Tray','catering'),(14,'Chicken Fingers Tray','catering'),(15,'Dessert Tray','catering');
/*!40000 ALTER TABLE `products` ENABLE KEYS */;
UNLOCK TABLES;

--
-- Table structure for table `vendors`
--

DROP TABLE IF EXISTS `vendors`;
/*!40101 SET @saved_cs_client     = @@character_set_client */;
/*!40101 SET character_set_client = utf8 */;
CREATE TABLE `vendors` (
  `vendor_id` int(3) NOT NULL auto_increment,
  `vendor_name` varchar(50) NOT NULL,
  `street` varchar(50) NOT NULL,
  `city` varchar(50) NOT NULL default 'Baton Rouge',
  `state` varchar(50) NOT NULL default 'LA',
  `zip` varchar(5) NOT NULL,
  `phone` varchar(10) NOT NULL,
  `website` varchar(50) default NULL,
  `email` varchar(45) default NULL,
  `contacted` varchar(45) NOT NULL default 'No',
  `caterogy` varchar(45) NOT NULL default 'Seafood',
  PRIMARY KEY  (`vendor_id`)
) ENGINE=InnoDB AUTO_INCREMENT=62 DEFAULT CHARSET=utf8 COMMENT='Please work.';
/*!40101 SET character_set_client = @saved_cs_client */;

--
-- Dumping data for table `vendors`
--

LOCK TABLES `vendors` WRITE;
/*!40000 ALTER TABLE `vendors` DISABLE KEYS */;
INSERT INTO `vendors` VALUES (1,'Tony\'s Seafood','5215 Plank Rd','Baton Rouge','LA','70805','2253579669','http://goo.gl/maps/CVDWU',NULL,'No','Seafood'),(2,'Jimbo\'s Seafood','5511 Jones Creek Rd','Baton Rouge','LA','70817','2257522223','http://goo.gl/maps/9J5L0',NULL,'No','Seafood'),(3,'Sammy\'s Grill (Baton Rouge)','8635 Highland Rd','Baton Rouge','LA','70808','2257667650','http://goo.gl/maps/5UtTg',NULL,'No','Seafood'),(4,'Sammy\'s Grill (Zachary)','20335 Old Scenic Hwy','Zachary','LA','70791','2256545355','http://goo.gl/maps/jly6a',NULL,'No','Seafood'),(5,'LA Boilers (Perkins)','9085 Perkins Rd','Baton Rouge','LA','70810','2257670090','http://goo.gl/maps/Jy3Mo',NULL,'No','Seafood'),(7,'Maxwell\'s Market','7620 Corporate Blvd','Baton Rouge','LA','70809','2252160030','http://goo.gl/maps/UkLi9',NULL,'No','Seafood'),(8,'Saigon Hong Kong Seafood Market','1295 N Sherwood Forest','Baton Rouge','LA','70815','2252728822','http://goo.gl/maps/N6iiW',NULL,'No','Seafood'),(9,'LTK Seafood','2401 Scenic Hwy','Baton Rouge','LA','70802','2253553444','http://goo.gl/maps/cV1qz',NULL,'No','Seafood'),(10,'Crawdaddy\'s Select Crawfish','4965 Government St','Baton Rouge','LA','70806','2253666779','http://goo.gl/maps/FC0gO',NULL,'No','Seafood'),(11,'LA Boilers (O\'Neal)','2741 O\'Neal Ln','Baton Rouge','LA','70816','2257520211','http://goo.gl/maps/L3XzU',NULL,'No','Seafood'),(13,'Luu\'s Seafood','585 N Foster Dr','Baton Rouge','LA','70806','2259288819','http://goo.gl/maps/pYmJk',NULL,'No','Seafood'),(15,'V&P Seafood & Deli','3055 Florida Blvd','Baton Rouge','LA','70802','2253369931','http://goo.gl/maps/lD6o0',NULL,'No','Seafood'),(16,'Tim\'s Seafood Deli','1097 S Flannery Rd','Baton Rouge','LA','70815','2252736179','http://goo.gl/maps/LStn8',NULL,'No','Seafood'),(17,'Sandy\'s Seafood','7965 Airline Hwy','Baton Rouge','LA','70815','2252163777','http://goo.gl/maps/OdBKz',NULL,'No','Seafood'),(18,'John\'s Seafood','2750 Scenic Hwy','Baton Rouge','LA','70805','2259287214','http://goo.gl/maps/kkVRK',NULL,'No','Seafood'),(19,'South Perkins Market Cafe','13434 Perkins Rd','Baton Rouge','LA','70810','2257698171','http://goo.gl/maps/Wo9bC',NULL,'No','Seafood'),(20,'Uncle O\'s Seafood Market','14546 S Harrell\'s Ferry Rd','Baton Rouge','LA','70816','2257510039','http://goo.gl/maps/azSXq',NULL,'No','Seafood'),(21,'Brittny\'s Seafood','12740 Florida Blvd','Baton Rouge','LA','70815','2252721898','http://goo.gl/maps/Rll8w',NULL,'No','Seafood'),(23,'Baton Rouge Seafood','5040 Winbourne Ave','Baton Rouge','LA','70805','2253551982','http://goo.gl/maps/QlCF3',NULL,'No','Seafood'),(24,'A M Mart Two Seafood','2400 Highland Rd','Baton Rouge','LA','70802','2253889020','http://goo.gl/maps/zI6d8',NULL,'No','Seafood'),(26,'V\'s Cafe & Seafood Market, Inc','2500 Scenic Hwy','Baton Rouge','LA','70805','2253566377','http://goo.gl/maps/pAFIi',NULL,'No','Seafood'),(27,'Tuna Fresh','2125 Sorrel Ave','Baton Rouge','LA','70802','2253823977','http://goo.gl/maps/EI9r7',NULL,'No','Seafood'),(28,'Louisiana Cajun Specialty Meat','8350 Florida Blvd','Baton Rouge','LA','70806','2259282161','http://goo.gl/maps/JGdK1',NULL,'No','Seafood'),(29,'Side of the Road Seafood','12197 Greenwell Springs Rd','East Baton Rouge','LA','70814','2252757799','http://goo.gl/maps/K7XJY',NULL,'No','Seafood'),(30,'Louisiana Cajun Seafood, LLC','13785 Coursey Blvd','Baton Rouge','LA','70817','2257522004','http://goo.gl/maps/4uwcF',NULL,'No','Seafood'),(31,'Heads & Tails Seafood','2070 Silverside Dr','Baton Rouge','LA','70808','2257672525','http://goo.gl/maps/sMcyO',NULL,'No','Seafood'),(32,'Tucker\'s Seafood','4720 Louisiana St','Zachary','LA','70791','2256581373','http://goo.gl/maps/oZojz',NULL,'No','Seafood'),(34,'Boilin\' Boys Crawfish','5029 Airline Hwy','Baton Rouge','LA','70805','2253563817','http://goo.gl/maps/yRq13',NULL,'No','Seafood'),(35,'Sammy\'s Grill (Central)','14800 Wax Rd','Central','LA','70818','2252626455','http://goo.gl/maps/0W7N4',NULL,'No','Seafood'),(36,'LA Lobsters','3199 Hwy 1 South','Port Allen','LA','70767','2257498002','http://goo.gl/maps/WBcIM',NULL,'No','Seafood'),(37,'Hole \'N Da Wall Seafood','18651 LA Hwy 16','Port Vincent','LA','70726','2256986520','http://goo.gl/maps/7sOuG',NULL,'No','Seafood'),(39,'Ron\'s Seafood Market (Hwy 16)','31300 LA Hwy 16','Denham Springs','LA','70726','2256677667','http://goo.gl/maps/D6uw5',NULL,'No','Seafood'),(40,'Ron\'s Seafood Market (Hooper Rd)','13623 Hooper Rd','Baton Rouge','LA','70818','2255905664','http://goo.gl/maps/56ZXw',NULL,'No','Seafood'),(42,'Ron\'s Seafood Market (Range Ave)','1160 South Range Ave','Denham Springs','LA','70726','2256672867','http://goo.gl/maps/RGzg3',NULL,'No','Seafood'),(45,'Sammy\'s Grill (Prairieville)','16400 Airline Hwy','Prairieville','LA','70769','2253136025','http://goo.gl/maps/rv22U',NULL,'No','Seafood'),(46,'Maxwell\'s Market (Corporate)','6241 Perkins Rd','Baton Rouge','LA','70808','2257669150','http://goo.gl/maps/FRcpS',NULL,'No','Seafood'),(47,'Ron\'s Seafood Market (Walker Rd)','29811 Walker Rd S','Walker','LA','70785','2256678840','http://goo.gl/maps/9ztIk',NULL,'No','Seafood'),(48,'Denham Springs Seafood Market','34807 LA Hwy 16','Denham Springs','LA','70732','2256672874','http://goo.gl/maps/rmwW5',NULL,'No','Seafood'),(49,'Cajun Specialty Meats & Seafood','4321 Carter St','Vidalia','LA','71373','3183367649','http://goo.gl/maps/9VHdC',NULL,'No','Seafood'),(50,'Cody\'s Cajun Crawfish & Seafood','302 Calcasieu St','Lake Arthur','LA','70549','3377745770','http://goo.gl/maps/sS8K0',NULL,'No','Seafood'),(51,'Cameron Seafood, Inc','294 Marshall St','Cameron','LA','70631','','http://goo.gl/maps/Mfktp',NULL,'No','Seafood'),(52,'Steamboat Seafood Warehouse','732 South Martin Luther King Hwy','Lake Charles','LA','70601','','http://goo.gl/maps/ZHs84','','No','Seafood'),(53,'Sid\'s Seafood','10017 Florida Blvd','Walker','LA','70785','2256670424','http://goo.gl/maps/XWftz','','','Seafood'),(55,'American Market & Seafood','4519 Bayou Narcisse Rd','Gonzales','LA','70737','2256476526','http://goo.gl/maps/gGx63',NULL,'No','Seafood'),(56,'Louisiana Pride Produce & Seafood','1 Walker South Rd','Walker','LA','70785','','http://goo.gl/maps/miJI6',NULL,'No','Seafood'),(57,'Bayou Side Seafood','8849 Main St','Houma','LA','70363','9858514537','http://goo.gl/maps/DRCJA',NULL,'No','Seafood'),(58,'Guidry\'s Seafood','13245 West Main','Larose','LA','70373','','http://goo.gl/maps/CSUuq','','No','Seafood'),(59,'Big Jim\'s Seafood','20639 Hwy 1','Golden Meadow','LA','70357','','http://goo.gl/maps/pTWSg',NULL,'No','Seafood'),(60,'Joel\'s Wild Oak Bait Shop & Fresh Seafood','20534 Hwy 3255','Golden Meadow','LA','70357','9854757171','http://goo.gl/maps/SIaaI',NULL,'No','Seafood'),(61,'Big Rob\'s Seafood','969 Aragon Rd','Montegut','LA','70377','','http://goo.gl/maps/JNkzg','','No','Seafood');
/*!40000 ALTER TABLE `vendors` ENABLE KEYS */;
UNLOCK TABLES;
/*!40103 SET TIME_ZONE=@OLD_TIME_ZONE */;

/*!40101 SET SQL_MODE=@OLD_SQL_MODE */;
/*!40014 SET FOREIGN_KEY_CHECKS=@OLD_FOREIGN_KEY_CHECKS */;
/*!40014 SET UNIQUE_CHECKS=@OLD_UNIQUE_CHECKS */;
/*!40101 SET CHARACTER_SET_CLIENT=@OLD_CHARACTER_SET_CLIENT */;
/*!40101 SET CHARACTER_SET_RESULTS=@OLD_CHARACTER_SET_RESULTS */;
/*!40101 SET COLLATION_CONNECTION=@OLD_COLLATION_CONNECTION */;
/*!40111 SET SQL_NOTES=@OLD_SQL_NOTES */;

-- Dump completed on 2014-03-11  7:11:44
